<specialities>
<speciality id="1" name="声乐"/>
<speciality id="2" name="钢琴"/>
<speciality id="3" name="电子琴"/>
<speciality id="4" name="小提琴"/>
<speciality id="5" name="大提琴"/>
<speciality id="6" name="长笛"/>
<speciality id="7" name="吉他"/>
<speciality id="8" name="手风琴"/>
<speciality id="9" name="电声乐"/>
<speciality id="10" name="萨克斯"/>
<speciality id="11" name="单簧管"/>
<speciality id="12" name="铜管乐"/>
<speciality id="13" name="爵士鼓"/>
<speciality id="14" name="黑管"/>
<speciality id="15" name="竖琴"/>
<speciality id="16" name="贝斯"/>
<speciality id="17" name="风笛"/>
<speciality id="18" name="笛(竹笛))"/>
<speciality id="19" name="箫"/>
<speciality id="20" name="古筝"/>
<speciality id="21" name="扬琴"/>
<speciality id="22" name="二胡(胡琴)"/>
<speciality id="23" name="巴乌"/>
<speciality id="24" name="笙"/>
<speciality id="25" name="葫芦丝"/>
<speciality id="26" name="琵琶"/>
<speciality id="27" name="唢呐"/>
<speciality id="28" name="扬琴"/>
<speciality id="29" name="民族打击乐"/>
</specialities>
